[ec2-user@ip-10-3-11-143 ~]$ mysql -uroot -hread-replica-database.cgghdsyvv36k.us-east-2.rds.amazonaws.com -p
Enter password: 
Welcome to the MariaDB monitor.  Commands end with ; or \g.
Your MySQL connection id is 32
Server version: 8.0.28 Source distribution

Copyright (c) 2000, 2018, Oracle, MariaDB Corporation Ab and others.

Type 'help;' or '\h' for help. Type '\c' to clear the current input statement.

MySQL [(none)]> show databases;
+--------------------+
| Database           |
+--------------------+
| information_schema |
| mysql              |
| performance_schema |
| sys                |
| udacity            |
+--------------------+
5 rows in set (0.00 sec)

MySQL [(none)]> use udacity;
Reading table information for completion of table and column names
You can turn off this feature to get a quicker startup with -A

Database changed
MySQL [udacity]> SELECT * FROM book;
+----+--------+----------+-------+
| id | b_name | author   | price |
+----+--------+----------+-------+
|  1 | Book 1 | Author 1 |    12 |
|  2 | Book 2 | Author 2 |    12 |
|  3 | Book 3 | Author 3 |    22 |
+----+--------+----------+-------+
3 rows in set (0.00 sec)

MySQL [udacity]> INSERT INTO book (b_name, author, price) VALUES  ('Book 4', 'Author 4', 11);
ERROR 1290 (HY000): The MySQL server is running with the --read-only option so it cannot execute this statement
MySQL [udacity]> SELECT * FROM book;
+----+--------+----------+-------+
| id | b_name | author   | price |
+----+--------+----------+-------+
|  1 | Book 1 | Author 1 |    12 |
|  2 | Book 2 | Author 2 |    12 |
|  3 | Book 3 | Author 3 |    22 |
+----+--------+----------+-------+
3 rows in set (0.00 sec)

MySQL [udacity]> 